issue_code,url,filename,title,edition,number,plausible,error
MN_LMS_511,http://www.mediafire.com/?8tzajwmdgkelxek,LMS - 511 - Mister No - DIJAMANTSKA KLOPKA.rar,DIJAMANTSKA KLOPKA,LMS,511,True,
MN_LMS_513,http://www.mediafire.com/?tl3ugoa07zcjwl8,LMS - 513 - Mister No - UZARENI KOTAO.rar,UZARENI KOTAO,LMS,513,True,
MN_LMS_517,http://www.mediafire.com/?km9noee90qf5smr,LMS 517 - Mister No - U celjusti jaguara (drzeko).cbr,U celjusti jaguara,LMS,517,True,
MN_LMS_522,http://www.mediafire.com/?icl4hil5rmfu6lm,LMS 522 - Mister No - Presuda Fonseku (drzeko).cbr,Presuda Fonseku,LMS,522,True,
MN_LMS_529,http://www.mediafire.com/?q2ss3pudebf737d,LMS - 529 - Mister No - COVEK S MASKOM.rar,COVEK S MASKOM,LMS,529,True,
MN_LMS_529,http://www.mediafire.com/?s9m9h20a65yi0m3,LMS 529 - Mister No - Covek s maskom (drzeko).cbr,Covek s maskom,LMS,529,True,
MN_LMS_530,http://www.mediafire.com/?o4xjmxt90qrladf,LMS - 530 - Mister No - ZASEDA U MOCVARI.rar,ZASEDA U MOCVARI,LMS,530,True,
MN_LMS_537,http://www.mediafire.com/?k2kdrkzobn5xnh3,LMS 537 - Mister No - Usijanje (drzeko).cbr,Usijanje,LMS,537,True,
MN_LMS_544,http://www.mediafire.com/?jaxfh3tsyrv6m55,LMS - 544 - Mister No - CRNA REKA.rar,CRNA REKA,LMS,544,True,
MN_LMS_544,http://www.mediafire.com/?9kon3g7y6jmvhs9,LMS 544 - Mister No - Crna Reka (drzeko).cbr,Crna Reka,LMS,544,True,
MN_LMS_545,http://www.mediafire.com/?fjq55w1qhb78t0e,LMS - 545 - Mister No - SENKE U NOCI.rar,SENKE U NOCI,LMS,545,True,
MN_LMS_546,http://www.mediafire.com/?jmt2c2uxyotul7u,LMS 546 - Mister No - Prokletstvo Maja (drzeko).cbr,Prokletstvo Maja,LMS,546,True,
MN_LMS_558,http://www.mediafire.com/?frv47l8msjnbbc3,LMS - 558 - Mister No - ZLOKOBNA MOCVARA.rar,ZLOKOBNA MOCVARA,LMS,558,True,
MN_LMS_558,http://www.mediafire.com/?ysy8c5e25yyxea4,LMS 558 - Mister No - Zlokobna mocvara (drzeko).cbr,Zlokobna mocvara,LMS,558,True,
MN_LMS_559,http://www.mediafire.com/?fc5z26ta0ej0ol2,LMS 559 - Mister No - Operacija 'Posejdon' (drzeko).cbr,Operacija 'Posejdon',LMS,559,True,
MN_LMS_568,http://www.mediafire.com/?1rnry9o6cyh6hj0,LMS - 568 - Mister No - VELIKA PLJACKA.rar,VELIKA PLJACKA,LMS,568,True,
MN_LMS_569,http://www.mediafire.com/?tzazne68i0wurqx,"LMS 569 - Mister No - Mambo, Mambo(300dpi)(drzeko)(SZ).cbz","Mambo, Mambo(300dpi)(drzeko)",LMS,569,True,
MN_LMS_595,http://www.mediafire.com/?qkyrgr2zv3bd0zf,LMS - 595 - Mister No - BANDIT.rar,BANDIT,LMS,595,True,
MN_LMS_609,http://www.mediafire.com/?0ff4bxsng1znq2j,LMS 609 - Mister No - Utvara Jaguar (drzeko).cbr,Utvara Jaguar,LMS,609,True,
MN_LMS_621,http://www.mediafire.com/?xfsgg4e7pofq9j8,LMS 621 - Mister No - Placenik (drzeko).cbr,Placenik,LMS,621,True,
MN_LMS_623,http://www.mediafire.com/?01kl56vpiag0fuk,LMS 623 - Mister No - Dvostruka ucena (drzeko).cbr,Dvostruka ucena,LMS,623,True,
MN_LMS_628,http://www.mediafire.com/?9tsgx8afb0tyixx,LMS 628 - Mister No - Prinudno ateriranje (drzeko&quebrasco&amadeus&guzadj).cbr,Prinudno ateriranje,LMS,628,True,
MN_LMS_629,http://www.mediafire.com/?juourl0pmgmc23y,LMS 629 - Mister No - Senke smrti (drzeko&folpi).cbr,Senke smrti,LMS,629,True,
MN_LMS_679,http://www.mediafire.com/?16w2izz4svx01pi,LMS 679 - Mister No - Ljuta mrznja (drzeko&folpi).cbr,Ljuta mrznja,LMS,679,True,
MN_LMS_701,http://www.mediafire.com/?guy7hkx606paswn,LMS - 701 - Mister No - ZAKON OSVETE.rar,ZAKON OSVETE,LMS,701,True,
MN_LMS_701,http://www.mediafire.com/?1xwcu3bzab4s6ae,LMS 0701 - Mister No - Zakon osvete_boyanm_delfin.cbr,Zakon osvete boyanm delfin,LMS,701,True,
MN_LMS_701,http://www.mediafire.com/?l4ohh86jtz4ipuz,LMS 701 - Mister No - Zakon osvete (drzeko&folpi).cbr,Zakon osvete,LMS,701,True,
MN_LMS_702,http://www.mediafire.com/?tmjniqesgo5zalq,LMS 0702 - Mister No - Bekstvo sa Kajene_boyanm_delfin.cbr,Bekstvo sa Kajene boyanm delfin,LMS,702,True,
MN_LMS_702,http://www.mediafire.com/?7vi3spjdk0gzwta,LMS 702 - Mister No - Bekstvo sa Kajene (drzeko&folpi).cbr,Bekstvo sa Kajene,LMS,702,True,
MN_LMS_713,http://www.mediafire.com/?vj642atv84h87i6,LMS - 713 - Mister No - JANOAMA.rar,JANOAMA,LMS,713,True,
MN_LMS_719,http://www.mediafire.com/?dwmqyo7d42rt4pk,LMS 719 - Mister No - Plavi djavo (drzeko&folpi).cbr,Plavi djavo,LMS,719,True,
MN_LMS_720,http://www.mediafire.com/?xzkt1yqk7fa1god,LMS 720 - Mister No - Crno zlato (Ostecene str 3 i 4)(300dpi)(drzeko & folpi)(SZ).cbr,Crno zlato (Ostecene str 3 i 4)(300dpi)(drzeko & folpi),LMS,720,True,
MN_LMS_726,http://www.mediafire.com/?43tp4339y3sha4t,LMS 0726 - Mister No - Gauco Ramon_phantom0709_zikateror_quebrasco.cbr,Gauco Ramon phantom0709 zikateror quebrasco,LMS,726,True,
MN_LMS_730,http://www.mediafire.com/?c27mvxvipfjhc74,"LMS - 730 - Mister No - PAZI, SNIMA SE.rar","PAZI, SNIMA SE",LMS,730,True,
MN_LMS_730,http://www.mediafire.com/?jy18jzh91gthnef,"LMS 730 - Mister No - Pazi, snima se! (drzeko&folpi).cbr","Pazi, snima se!",LMS,730,True,
MN_LMS_739,http://www.mediafire.com/?cgiardzkdxvaefj,LMS 0739 - Mister No - Leteci djavoli_enwil_delfin.cbr,Leteci djavoli enwil delfin,LMS,739,True,
MN_LMS_746,http://www.mediafire.com/?m7ihtrok6493k6e,LMS - 746 - Mister No - RITUALNI PLES.rar,RITUALNI PLES,LMS,746,True,
MN_LMS_757,http://www.mediafire.com/download.php?3z30r8ludenqc1m,LMS 0757 - Mister No - Strah na Karibima_enwil_borke72.cbr,Strah na Karibima enwil borke72,LMS,757,True,
MN_LMS_759,http://www.mediafire.com/?v7v03ohjpr4zgcw,LMS - 759 - Mister No - NEMOGUCE BEKSTVO.rar,NEMOGUCE BEKSTVO,LMS,759,True,
MN_LMS_759,http://www.mediafire.com/?40n9swijj45980g,LMS 0759 - Mister No - Nemoguce bekstvo_kiseli.cbr,Nemoguce bekstvo kiseli,LMS,759,True,
MN_LMS_765,http://www.mediafire.com/?2hte3co2w9aj4cv,LMS 765 - Mister No - Zlatni kavez (drzeko&folpi).cbr,Zlatni kavez,LMS,765,True,
MN_LMS_777,http://www.mediafire.com/?n7yrxb81477xeai,LMS 777 - Mister No - Decak Santjago (drzeko&folpi).cbr,Decak Santjago,LMS,777,True,
MN_LMS_782,http://www.mediafire.com/download.php?bp2kpq17iut89rz,LMS 0782 - Mister No - Zlato_boyanm.cbr,Zlato boyanm,LMS,782,True,
MN_LMS_783,http://www.mediafire.com/?f9sizpizh9m1vz5,LMS 783 - Mister No - Let za Rio.cbr,Let za Rio,LMS,783,True,
MN_LMS_789,http://www.mediafire.com/?r2hf0usrcfe0a2o,LMS - 789 - Mister No - LICEM U LICE.rar,LICEM U LICE,LMS,789,True,
MN_LMS_789,http://www.mediafire.com/download.php?vis9grue94b7107,LMS 0789 - Mister No - Licem u lice_kiseli.cbr,Licem u lice kiseli,LMS,789,True,
MN_LMS_794,http://www.mediafire.com/download.php?tz6osh5c8glhckt,LMS 0794 - Mister No - Sukob u suton_enwil_borke72.cbr,Sukob u suton enwil borke72,LMS,794,True,
MN_LMS_798,http://www.mediafire.com/?xmzpvyf6ig4ix7o,LMS 0798 - Mister No - Gangsteri_enwil_delfin.cbr,Gangsteri enwil delfin,LMS,798,True,
MN_LMS_799,http://www.mediafire.com/?40yvo275uznlspt,LMS 799 - Mister No - Trka u smrt (drzeko&folpi).cbr,Trka u smrt,LMS,799,True,
MN_LMS_802,http://www.mediafire.com/?bxbtkldbbck68tr,LMS - 802 - Mister No - CRVENE SENKE.rar,CRVENE SENKE,LMS,802,True,
MN_LMS_804,http://www.mediafire.com/download.php?ilz8rq3z3yw40z3,LMS 0804 - Mister No - Vatreno podne_phantom0709_amadeus.cbr,Vatreno podne phantom0709 amadeus,LMS,804,True,
MN_LMS_807,http://www.mediafire.com/?l05q8t67eeqnxjq,LMS 0807 - Mister No - UFO_dejko_unregistred.cbr,UFO dejko unregistred,LMS,807,True,
MN_LMS_818,http://www.mediafire.com/?2rqjw2r4iok0hju,LMS - 818 - Mister No - MILTON GALVAHO.cbr,MILTON GALVAHO,LMS,818,True,
MN_LMS_824,http://www.mediafire.com/?gp7694sg4c14c8p,LMS 0824 - Mister No - U vodama Kariba_dejko_delfin.cbr,U vodama Kariba dejko delfin,LMS,824,True,
